date,close,volume
2019-01-02,2.837,2714671.05
2019-01-03,2.868,2720143.02
2019-01-04,2.853,2656196.21
2019-01-07,2.841,2541849.0
2019-01-08,2.828,3914089.91
2019-01-09,2.817,4531045.0
2019-01-10,2.823,4014738.26
2019-01-11,2.805,3698458.0
2019-01-14,2.807,5330105.0
2019-01-15,2.801,2722751.0
2019-01-16,2.803,3105836.22
2019-01-17,2.81,4031184.0
2019-01-18,2.811,2896154.6
2019-01-21,2.8,1982269.6
2019-01-22,2.799,2033678.0
2019-01-23,2.802,1860719.0
2019-01-24,2.8,2646538.17
2019-01-25,2.797,1452193.0
2019-01-28,2.823,2535089.0
2019-01-29,2.833,2229851.0
2019-01-30,2.842,2032954.0
2019-01-31,2.837,2399651.97
2019-02-01,2.852,1278353.5
2019-02-11,2.84,4004501.0
2019-02-12,2.851,3341782.0
2019-02-13,2.847,3130336.0
2019-02-14,2.843,3034462.0
2019-02-15,2.861,3410812.0
2019-02-18,2.876,3382564.56
2019-02-19,2.878,2947669.0
2019-02-20,2.898,4396341.0
2019-02-21,2.88,2763728.0
2019-02-22,2.86,3426347.0
2019-02-25,2.858,3592992.0
2019-02-26,2.856,3173365.02
2019-02-27,2.853,4865554.98
2019-02-28,2.833,3768145.0
2019-03-01,2.826,2991462.0
2019-03-04,2.784,3615474.01
2019-03-05,2.77,9451199.32
2019-03-06,2.784,8232415.0
2019-03-07,2.773,7894019.0
2019-03-08,2.799,3492229.0
2019-03-11,2.808,7006372.22
2019-03-12,2.808,6438284.0
2019-03-13,2.82,5677518.0
2019-03-14,2.815,5559561.0
2019-03-15,2.811,6242864.5
2019-03-18,2.807,5859195.19
2019-03-19,2.823,5391278.0
2019-03-20,2.819,6947507.0
2019-03-21,2.839,7307281.5
2019-03-22,2.833,5689414.0
2019-03-25,2.849,5747628.0
2019-03-26,2.85,6284627.6
2019-03-27,2.848,6375187.0
2019-03-28,2.842,6255969.0
2019-03-29,2.788,6352249.0
2019-04-01,2.788,5977778.0
2019-04-02,2.792,7396498.0
2019-04-03,2.797,6128373.0
2019-04-04,2.798,5644031.33
2019-04-08,2.81,7203041.0
2019-04-09,2.811,5197893.0
2019-04-10,2.825,6541524.71
2019-04-11,2.828,6350483.0
2019-04-12,2.8,5810570.0
2019-04-15,2.785,5835373.0
2019-04-16,2.785,6969074.0
2019-04-17,2.769,11609783.0
2019-04-18,2.751,4575602.0
2019-04-19,2.762,7208711.0
2019-04-22,2.772,6552711.0
2019-04-23,2.757,8106835.0
2019-04-24,2.754,8390566.0
2019-04-25,2.767,6642734.0
2019-04-26,2.773,7637192.0
2019-04-29,2.769,5832327.0
2019-04-30,2.777,4647561.0
2019-05-06,2.793,6036408.0
2019-05-07,2.787,3824343.0
2019-05-08,2.804,4408941.0
2019-05-09,2.806,3119596.0
2019-05-10,2.808,3472692.18
2019-05-13,2.826,2053881.61
2019-05-14,2.858,3144899.0
2019-05-15,2.844,4566737.91
2019-05-16,2.858,3386776.7
2019-05-17,2.854,2088807.91
2019-05-20,2.835,2279418.07
2019-05-21,2.834,1647712.85
2019-05-22,2.834,2542935.26
2019-05-23,2.841,3337790.85
2019-05-24,2.856,2369428.51
2019-05-27,2.858,4223574.79
2019-05-28,2.854,1997268.37
2019-05-29,2.861,2453599.0
2019-05-30,2.847,2307902.13
2019-05-31,2.878,2096259.33
2019-06-03,2.914,2734334.2
2019-06-04,2.944,2646979.0
2019-06-05,2.963,3649832.92
2019-06-06,2.962,3109444.63
2019-06-10,2.953,4868042.35
2019-06-11,2.937,4095238.65
2019-06-12,2.972,3923670.38
2019-06-13,2.977,3260141.0
2019-06-14,3.022,3180999.39
2019-06-17,2.983,3361386.86
2019-06-18,3.004,4635662.08
2019-06-19,2.989,4133381.0
2019-06-20,3.054,4957649.52
2019-06-21,3.079,4080712.18
2019-06-24,3.101,3378028.23
2019-06-25,3.166,6360653.95
2019-06-26,3.108,3305538.03
2019-06-27,3.1,3640540.54
2019-06-28,3.109,3145571.94
2019-07-01,3.034,4880799.43
2019-07-02,3.066,2699222.22
2019-07-03,3.152,4102955.92
2019-07-04,3.119,2605072.0
2019-07-05,3.125,3159122.5
2019-07-08,3.109,2871305.15
2019-07-09,3.081,2169566.0
2019-07-10,3.079,1171330.0
2019-07-11,3.132,2971459.6
2019-07-12,3.111,1713918.0
2019-07-15,3.123,2176806.0
2019-07-16,3.12,1701966.0
2019-07-17,3.103,2001378.0
2019-07-18,3.135,1934474.11
2019-07-19,3.177,1722573.11
2019-07-22,3.153,1414119.0
2019-07-23,3.13,2432413.0
2019-07-24,3.143,1830086.0
2019-07-25,3.147,2196529.0
2019-07-26,3.134,1208104.79
2019-07-29,3.139,2316515.46
2019-07-30,3.152,2776392.0
2019-07-31,3.164,1847052.0
2019-08-01,3.112,2081586.15
2019-08-02,3.184,2603501.1
2019-08-05,3.289,3874735.72
2019-08-06,3.296,3448140.92
2019-08-07,3.363,4204277.86
2019-08-08,3.386,3277161.67
2019-08-09,3.403,3399836.06
2019-08-12,3.382,2508769.94
2019-08-13,3.465,5384145.33
2019-08-14,3.376,4338440.0
2019-08-15,3.414,3560564.25
2019-08-16,3.419,2590452.0
2019-08-19,3.402,3627065.59
2019-08-20,3.388,4170123.11
2019-08-21,3.391,3460917.28
2019-08-22,3.401,1417583.0
2019-08-23,3.398,2153516.67
2019-08-26,3.52,3181502.49
2019-08-27,3.522,2369481.29
2019-08-28,3.524,2342936.65
2019-08-29,3.565,2889056.0
2019-08-30,3.508,3614918.18
2019-09-02,3.496,2828987.77
2019-09-03,3.511,2185238.74
2019-09-04,3.524,3057998.37
2019-09-05,3.539,1990251.29
2019-09-06,3.429,3964145.45
2019-09-09,3.442,3112844.0
2019-09-10,3.389,2907560.26
2019-09-11,3.404,3509387.26
2019-09-12,3.404,1980232.81
2019-09-16,3.407,2929052.51
2019-09-17,3.394,2203246.15
2019-09-18,3.407,2762844.95
2019-09-19,3.401,2382828.0
2019-09-20,3.412,1926417.0
2019-09-23,3.441,3478061.52
2019-09-24,3.46,3603326.0
2019-09-25,3.48,2260733.8
2019-09-26,3.434,3036870.73
2019-09-27,3.404,1627485.49
2019-09-30,3.396,1436800.01
2019-10-08,3.39,1579319.0
2019-10-09,3.44,2348398.0
2019-10-10,3.422,2289079.73
2019-10-11,3.405,1427088.31
2019-10-14,3.356,2486541.38
2019-10-15,3.363,2714360.67
2019-10-16,3.35,2879788.64
2019-10-17,3.374,2937073.18
2019-10-18,3.371,3308038.55
2019-10-21,3.369,1856547.31
2019-10-22,3.356,2754276.0
2019-10-23,3.371,2954572.0
2019-10-24,3.364,3526898.75
2019-10-25,3.398,4918330.62
2019-10-28,3.395,2614598.49
2019-10-29,3.36,1925625.0
2019-10-30,3.356,1754278.0
2019-10-31,3.363,2049581.0
2019-11-01,3.387,2762599.5
2019-11-04,3.383,2129310.0
2019-11-05,3.362,2108591.78
2019-11-06,3.313,3459771.01
2019-11-07,3.331,2844477.08
2019-11-08,3.269,2925576.0
2019-11-11,3.266,2743007.74
2019-11-12,3.233,2453906.0
2019-11-13,3.267,3338574.66
2019-11-14,3.276,2694704.7
2019-11-15,3.268,1860439.0
2019-11-18,3.269,3491583.52
2019-11-19,3.29,3079345.12
2019-11-20,3.301,4672989.0
2019-11-21,3.294,3075222.03
2019-11-22,3.287,2342399.13
2019-11-25,3.264,3711957.51
2019-11-26,3.263,2782981.71
2019-11-27,3.268,1608519.82
2019-11-28,3.261,1536700.61
2019-11-29,3.265,3722593.84
2019-12-02,3.269,1922692.02
2019-12-03,3.277,2799897.79
2019-12-04,3.337,3684204.76
2019-12-05,3.321,1821314.0
2019-12-06,3.297,3086978.01
2019-12-09,3.275,4032803.35
2019-12-10,3.28,2013436.38
2019-12-11,3.282,2631640.04
2019-12-12,3.3,2779065.78
2019-12-13,3.261,2633205.9
2019-12-16,3.294,2482437.39
2019-12-17,3.292,3849938.37
2019-12-18,3.295,3839592.96
2019-12-19,3.292,3599613.0
2019-12-20,3.302,3110803.2
2019-12-23,3.313,3441279.0
2019-12-24,3.331,3821420.68
2019-12-25,3.352,3029030.84
2019-12-26,3.353,3352185.24
2019-12-27,3.363,4425960.76
2019-12-30,3.361,3846849.0
2019-12-31,3.384,4026326.94
2020-01-02,3.37,3818438.14
2020-01-03,3.422,3679149.83
2020-01-06,3.497,4607804.93
2020-01-07,3.466,3610569.66
2020-01-08,3.531,5462981.89
2020-01-09,3.408,4458190.2
2020-01-10,3.418,2720508.41
2020-01-13,3.418,4304742.42
2020-01-14,3.374,4245020.86
2020-01-15,3.403,4208754.02
2020-01-16,3.406,4914062.22
2020-01-17,3.404,3332206.63
2020-01-20,3.405,4300935.64
2020-01-21,3.437,5093903.17
2020-01-22,3.407,3599604.8
2020-01-23,3.43,2561210.0
2020-02-03,3.52,3510865.37
2020-02-04,3.492,3354435.99
2020-02-05,3.469,3919754.35
2020-02-06,3.452,3561826.27
2020-02-07,3.468,2154367.33
2020-02-10,3.481,3398724.03
2020-02-11,3.472,2724622.07
2020-02-12,3.465,3719462.4
2020-02-13,3.49,3195844.4
2020-02-14,3.494,1981474.69
2020-02-17,3.505,2969655.67
2020-02-18,3.522,4114440.7
2020-02-19,3.562,4071300.62
2020-02-20,3.574,3440324.67
2020-02-21,3.646,4474054.01
2020-02-24,3.725,5965414.48
2020-02-25,3.648,9155550.49
2020-02-26,3.668,7777393.23
2020-02-27,3.669,6056712.18
2020-02-28,3.623,5007922.09
2020-03-02,3.542,6044724.71
2020-03-03,3.536,4407032.27
2020-03-04,3.612,5367899.8
2020-03-05,3.611,3805619.27
2020-03-06,3.686,5135924.22
2020-03-09,3.659,7116914.32
2020-03-10,3.612,5356163.66
2020-03-11,3.648,5821219.76
2020-03-12,3.608,4599535.3
2020-03-13,3.502,5978226.34
2020-03-16,3.414,5875411.69
2020-03-17,3.255,6333999.75
2020-03-18,3.326,7957593.36
2020-03-19,3.312,6403389.67
2020-03-20,3.346,4924919.48
2020-03-23,3.337,4810771.0
2020-03-24,3.523,5805657.96
2020-03-25,3.581,6295551.98
2020-03-26,3.572,5289191.32
2020-03-27,3.612,4771574.4
2020-03-30,3.583,4517560.34
2020-03-31,3.586,4865417.36
2020-04-01,3.528,4194710.01
2020-04-02,3.543,3322601.41
2020-04-03,3.575,2850080.82
2020-04-07,3.676,4207952.97
2020-04-08,3.641,4134609.42
2020-04-09,3.65,3320762.98
2020-04-10,3.671,4498657.81
2020-04-13,3.67,3649598.0
2020-04-14,3.712,4392420.92
2020-04-15,3.702,4867995.89
2020-04-16,3.73,4510342.0
2020-04-17,3.669,4261864.0
2020-04-20,3.651,3924339.29
2020-04-21,3.684,6462628.63
2020-04-22,3.674,4075967.7
2020-04-23,3.739,4001888.28
2020-04-24,3.769,3552749.66
2020-04-27,3.741,3459235.4
2020-04-28,3.714,4955368.94
2020-04-29,3.733,5448625.79
2020-04-30,3.746,2826046.24
2020-05-06,3.741,3242890.5
2020-05-07,3.723,4821880.56
2020-05-08,3.769,4441580.0
2020-05-11,3.754,4550917.0
2020-05-12,3.746,3865223.0
2020-05-13,3.757,4029646.66
2020-05-14,3.781,4156941.04
2020-05-15,3.834,3100703.68
2020-05-18,3.927,4718848.26
2020-05-19,3.865,5508572.0
2020-05-20,3.906,5428692.23
2020-05-21,3.87,4533162.87
2020-05-22,3.865,4689656.27
2020-05-25,3.858,4011168.23
2020-05-26,3.876,3186015.56
2020-05-27,3.835,4043431.13
2020-05-28,3.863,3823228.0
2020-05-29,3.864,4186026.12
2020-06-01,3.895,4790721.09
2020-06-02,3.888,4995946.75
2020-06-03,3.853,4513401.48
2020-06-04,3.82,5378537.18
2020-06-05,3.817,4231756.61
2020-06-08,3.783,4693825.02
2020-06-09,3.782,3024041.9
2020-06-10,3.821,2998049.0
2020-06-11,3.855,4926422.9
2020-06-12,3.854,5973088.03
2020-06-15,3.844,4550920.0
2020-06-16,3.84,6181278.23
2020-06-17,3.842,4431910.28
2020-06-18,3.836,5023257.71
2020-06-19,3.844,6348112.35
2020-06-22,3.886,6907265.06
2020-06-23,3.882,5972152.11
2020-06-24,3.91,4660702.03
2020-06-29,3.91,3906066.88
2020-06-30,3.914,6261148.22
2020-07-01,3.939,5016933.3
2020-07-02,3.903,4809735.76
2020-07-03,3.915,4655263.88
2020-07-06,3.902,5472568.4
2020-07-07,3.911,9546246.85
2020-07-08,3.928,7243902.01
2020-07-09,3.954,8950318.55
2020-07-10,3.926,4764302.41
2020-07-13,3.939,5805603.14
2020-07-14,3.935,6821053.01
2020-07-15,3.94,8055156.6
2020-07-16,3.927,4882196.14
2020-07-17,3.904,5173086.06
2020-07-20,3.925,6161893.71
2020-07-21,3.951,6554176.03
2020-07-22,4.043,6035475.93
2020-07-23,4.066,4955403.13
2020-07-24,4.109,5704009.97
2020-07-27,4.203,8623640.52
2020-07-28,4.198,6790150.08
2020-07-29,4.206,6257124.17
2020-07-30,4.174,5262938.74
2020-07-31,4.216,8771141.95
2020-08-03,4.2,5343770.3
2020-08-04,4.206,5836120.01
2020-08-05,4.32,4413313.75
2020-08-06,4.353,5797679.57
2020-08-07,4.378,4688887.52
2020-08-10,4.349,3452339.54
2020-08-11,4.253,5657915.72
2020-08-12,3.989,4184448.5
2020-08-13,4.054,6174835.4
2020-08-14,4.088,5361124.82
2020-08-17,4.129,4846468.48
2020-08-18,4.225,5079401.65
2020-08-19,4.177,4877594.44
2020-08-20,4.088,5626622.06
2020-08-21,4.091,5201513.52
2020-08-24,4.056,3973894.12
2020-08-25,4.064,4460888.91
2020-08-26,4.059,3568766.96
2020-08-27,4.108,5788787.57
2020-08-28,4.109,3504912.41
2020-08-31,4.123,3992550.81
2020-09-01,4.169,5049005.95
2020-09-02,4.125,4341222.22
2020-09-03,4.053,4382406.54
2020-09-04,4.065,3177919.04
2020-09-07,4.063,4123056.06
2020-09-08,4.066,4355126.02
2020-09-09,4.068,2756251.75
2020-09-10,4.096,3714040.45
2020-09-11,4.087,4331531.17
2020-09-14,4.086,3862124.19
2020-09-15,4.1,6049892.99
2020-09-16,4.088,3150328.66
2020-09-17,4.06,5398181.28
2020-09-18,4.078,3730543.42
2020-09-21,4.078,2694801.57
2020-09-22,3.985,3860138.31
2020-09-23,3.925,3682099.71
2020-09-24,3.881,3594900.52
2020-09-25,3.928,4718700.23
2020-09-28,3.919,3583615.0
2020-09-29,3.972,2394328.18
2020-09-30,3.974,2790001.99
2020-10-09,3.971,2476497.12
2020-10-12,4.014,3248737.53
2020-10-13,4.003,2622277.94
2020-10-14,3.958,3960590.16
2020-10-15,3.953,3511649.52
2020-10-16,3.965,3084774.27
2020-10-19,3.968,4326251.59
2020-10-20,3.952,3474552.16
2020-10-21,3.966,3063671.37
2020-10-22,3.97,4370759.4
2020-10-23,3.956,3133373.78
2020-10-26,3.938,3078907.92
2020-10-27,3.972,3188021.22
2020-10-28,3.974,2282934.18
2020-10-29,3.92,3948200.38
2020-10-30,3.897,2363284.5
2020-11-02,3.93,2477959.93
2020-11-03,3.949,5905693.38
2020-11-04,3.967,4321600.74
2020-11-05,3.965,2970789.14
2020-11-06,4.001,4067355.32
2020-11-09,3.99,4009526.87
2020-11-10,3.889,4105798.74
2020-11-11,3.881,3229294.84
2020-11-12,3.873,6587737.88
2020-11-13,3.89,2665694.83
2020-11-16,3.888,2915871.67
2020-11-17,3.881,4038098.96
2020-11-18,3.856,2875499.0
2020-11-19,3.837,2844818.11
2020-11-20,3.843,2883618.0
2020-11-23,3.851,2711426.77
2020-11-24,3.755,4018333.37
2020-11-25,3.714,4462715.94
2020-11-26,3.718,3556844.35
2020-11-27,3.72,2369940.13
2020-11-30,3.628,4779560.85
2020-12-01,3.653,3356917.63
2020-12-02,3.707,3976888.13
2020-12-03,3.748,4041603.95
2020-12-04,3.754,3352356.94
2020-12-07,3.745,3492869.03
2020-12-08,3.8,3706864.06
2020-12-09,3.778,2898683.66
2020-12-10,3.74,4969988.67
2020-12-11,3.739,3587363.69
2020-12-14,3.74,3644958.0
2020-12-15,3.769,1854370.51
2020-12-16,3.793,1972299.92
2020-12-17,3.812,4038344.02
2020-12-18,3.838,3665771.23
2020-12-21,3.879,5544400.0
2020-12-22,3.825,4028877.2
2020-12-23,3.818,3930321.37
2020-12-24,3.832,3484934.94
2020-12-25,3.853,3363886.57
2020-12-28,3.858,4387464.4
2020-12-29,3.837,3763412.12
2020-12-30,3.832,1640102.0
2020-12-31,3.85,2802242.0
2021-01-04,3.902,3550731.16
2021-01-05,3.92,4155910.92
2021-01-06,3.931,4595314.9
2021-01-07,3.903,4302338.24
2021-01-08,3.878,2721332.04
2021-01-11,3.777,3749076.46
2021-01-12,3.805,3690513.44
2021-01-13,3.797,3781375.98
2021-01-14,3.772,3217713.22
2021-01-15,3.785,1818354.03
2021-01-18,3.775,4706110.86
2021-01-19,3.779,3101890.34
2021-01-20,3.789,3345620.54
2021-01-21,3.825,2478225.0
2021-01-22,3.806,2392157.6
2021-01-25,3.788,3803775.73
2021-01-26,3.799,2916524.0
2021-01-27,3.779,2652937.91
2021-01-28,3.761,2992751.33
2021-01-29,3.778,3698259.54
2021-02-01,3.82,3525016.0
2021-02-02,3.789,2618254.05
2021-02-03,3.75,3863747.96
2021-02-04,3.723,3022185.64
2021-02-05,3.681,1681345.2
2021-02-08,3.712,1920246.0
2021-02-09,3.752,1934631.84
2021-02-10,3.756,1609927.13
2021-02-18,3.65,3387785.0
2021-02-19,3.634,3620583.54
2021-02-22,3.675,3378595.41
2021-02-23,3.713,3505323.38
2021-02-24,3.705,3625481.22
2021-02-25,3.67,2583822.72
2021-02-26,3.613,3579412.31
2021-03-01,3.595,3588630.84
2021-03-02,3.536,4334148.11
2021-03-03,3.549,2401289.32
2021-03-04,3.514,4091027.56
2021-03-05,3.482,3134664.15
2021-03-08,3.519,3452127.56
2021-03-09,3.506,4142120.0
2021-03-10,3.542,4274727.85
2021-03-11,3.573,5500418.0
2021-03-12,3.524,3099882.42
2021-03-15,3.556,3904339.71
2021-03-16,3.562,3684234.23
2021-03-17,3.577,2825103.37
2021-03-18,3.604,2474471.36
2021-03-19,3.589,1719394.0
2021-03-22,3.57,2648570.17
2021-03-23,3.585,2835201.18
2021-03-24,3.578,5271712.17
2021-03-25,3.589,2796350.18
2021-03-26,3.579,4972761.68
2021-03-29,3.579,6454615.16
2021-03-30,3.536,3083160.0
2021-03-31,3.495,3642663.32
2021-04-01,3.565,3982555.31
2021-04-02,3.612,5973456.44
2021-04-06,3.591,4229708.81
2021-04-07,3.607,3963765.16
2021-04-08,3.614,3618154.48
2021-04-09,3.631,3145810.0
2021-04-12,3.612,3988124.64
2021-04-13,3.575,2710512.52
2021-04-14,3.615,2861036.75
2021-04-15,3.612,4734159.42
2021-04-16,3.643,2577202.25
2021-04-19,3.67,2831465.0
2021-04-20,3.635,3477819.26
2021-04-21,3.673,3902391.0
2021-04-22,3.676,2184334.0
2021-04-23,3.668,2552029.0
2021-04-26,3.649,2768539.71
2021-04-27,3.653,2121017.9
2021-04-28,3.632,3666125.95
2021-04-29,3.643,3700078.24
2021-04-30,3.625,2578392.0
2021-05-06,3.676,3361017.14
2021-05-07,3.717,4324616.48
2021-05-10,3.73,3787665.78
2021-05-11,3.725,2970974.38
2021-05-12,3.732,3353632.0
2021-05-13,3.717,2610150.0
2021-05-14,3.739,3780716.94
2021-05-17,3.777,3243023.79
2021-05-18,3.802,3741550.82
2021-05-19,3.812,3796597.85
2021-05-20,3.811,3240581.9
2021-05-21,3.816,2863259.66
2021-05-24,3.828,3379132.34
2021-05-25,3.812,2505070.65
2021-05-26,3.852,2967587.43
2021-05-27,3.829,3546563.98
2021-05-28,3.8,4376721.54
2021-05-31,3.828,3697071.89
2021-06-01,3.853,2488645.0
2021-06-02,3.793,3493215.78
2021-06-03,3.774,2854995.85
2021-06-04,3.732,3264544.0
2021-06-07,3.757,4232711.63
2021-06-08,3.778,4505073.01
2021-06-09,3.775,3406647.56
2021-06-10,3.764,3575756.0
2021-06-11,3.795,2645911.63
2021-06-15,3.73,3426367.07
2021-06-16,3.729,3302412.82
2021-06-17,3.667,3189932.92
2021-06-18,3.625,5291658.61
2021-06-21,3.628,3848262.69
2021-06-22,3.641,3067579.42
2021-06-23,3.645,3776513.86
2021-06-24,3.628,4705783.52
2021-06-25,3.624,3830136.96
2021-06-28,3.629,3578910.27
2021-06-29,3.616,2561897.43
2021-06-30,3.584,3493265.16
2021-07-01,3.629,2284666.71
2021-07-02,3.632,2946376.63
2021-07-05,3.645,3378265.6
2021-07-06,3.679,6248898.59
2021-07-07,3.676,6169856.05
2021-07-08,3.67,5741656.0
2021-07-09,3.68,4311405.98
2021-07-12,3.674,3028995.21
2021-07-13,3.689,5223690.5
2021-07-14,3.692,4759238.31
2021-07-15,3.721,3570523.02
2021-07-16,3.711,4039665.88
2021-07-19,3.679,3647699.25
2021-07-20,3.709,4282680.87
2021-07-21,3.695,3692426.81
2021-07-22,3.667,3963980.66
2021-07-23,3.684,3257540.67
2021-07-26,3.693,3553059.52
2021-07-27,3.662,3036686.81
2021-07-28,3.698,4515706.85
2021-07-29,3.708,2211736.0
2021-07-30,3.72,4166876.77
2021-08-02,3.68,3820180.0
2021-08-03,3.681,3010147.02
2021-08-04,3.689,5145987.57
2021-08-05,3.685,4128894.69
2021-08-06,3.663,4381595.91
2021-08-09,3.568,4858304.52
2021-08-10,3.552,6274829.22
2021-08-11,3.548,3312845.92
2021-08-12,3.58,4803002.64
2021-08-13,3.591,4017213.77
2021-08-16,3.621,5383695.42
2021-08-17,3.658,4538963.33
2021-08-18,3.66,5651974.0
2021-08-19,3.648,4918205.73
2021-08-20,3.659,7588492.89
2021-08-23,3.652,4487399.93
2021-08-24,3.679,4528786.35
2021-08-25,3.658,3487704.81
2021-08-26,3.645,6747672.66
2021-08-27,3.682,4765848.28
2021-08-30,3.691,6226318.75
2021-08-31,3.69,4707903.54
2021-09-01,3.69,3986216.36
2021-09-02,3.687,3051166.42
2021-09-03,3.687,3668602.42
2021-09-06,3.708,3487714.3
2021-09-07,3.696,2920540.0
2021-09-08,3.653,4383356.01
2021-09-09,3.639,2026173.59
2021-09-10,3.66,2911734.48
2021-09-13,3.642,3199747.25
2021-09-14,3.646,2005563.65
2021-09-15,3.659,2350852.82
2021-09-16,3.628,2678600.74
2021-09-17,3.592,2966454.65
2021-09-22,3.64,2321830.92
2021-09-23,3.605,3864338.59
2021-09-24,3.586,1861530.13
2021-09-27,3.59,2902082.0
2021-09-28,3.562,2017800.0
2021-09-29,3.557,1873178.0
2021-09-30,3.543,1809527.88
2021-10-08,3.587,2228459.35
2021-10-11,3.573,2084137.49
2021-10-12,3.591,1749948.3
2021-10-13,3.59,2075878.45
2021-10-14,3.636,3243852.04
2021-10-15,3.629,1804242.24
2021-10-18,3.58,2809419.78
2021-10-19,3.594,1502826.21
2021-10-20,3.584,2218369.65
2021-10-21,3.601,2363260.0
2021-10-22,3.615,2525117.43
2021-10-25,3.606,3481429.68
2021-10-26,3.621,2793580.8
2021-10-27,3.594,2562994.11
2021-10-28,3.629,2873153.74
2021-10-29,3.609,3198840.37
2021-11-01,3.594,2381863.0
2021-11-02,3.617,3221805.3
2021-11-03,3.589,3042793.99
2021-11-04,3.575,2258877.88
2021-11-05,3.624,3192764.1
2021-11-08,3.66,2526805.0
2021-11-09,3.671,3452597.0
2021-11-10,3.669,2427812.0
2021-11-11,3.721,3133118.34
2021-11-12,3.722,2887380.0
2021-11-15,3.716,2282392.0
2021-11-16,3.732,2872124.18
2021-11-17,3.72,3129735.6
2021-11-18,3.735,3273731.7
2021-11-19,3.73,2350218.0
2021-11-22,3.696,3875656.0
2021-11-23,3.632,4074127.65
2021-11-24,3.613,3678652.0
2021-11-25,3.611,3345103.49
2021-11-26,3.628,3540897.69
2021-11-29,3.614,3228558.0
2021-11-30,3.605,3299093.66
2021-12-01,3.591,4057050.9
2021-12-02,3.575,3521357.0
2021-12-03,3.566,2498919.0
2021-12-06,3.592,2366702.37
2021-12-07,3.584,2748416.0
2021-12-08,3.589,1864720.0
2021-12-09,3.575,2266603.74
2021-12-10,3.565,2727780.0
2021-12-13,3.585,2737756.18
2021-12-14,3.588,3049866.98
2021-12-15,3.552,2399835.15
2021-12-16,3.584,2026610.97
2021-12-17,3.629,2985705.83
2021-12-20,3.624,2667260.0
2021-12-21,3.599,2263900.0
2021-12-22,3.591,1762215.17
2021-12-23,3.627,1921079.41
2021-12-24,3.633,1929100.57
2021-12-27,3.63,1775218.0
2021-12-28,3.642,1614023.47
2021-12-29,3.625,1781135.36
2021-12-30,3.606,3544736.01
2021-12-31,3.643,2752900.87
2022-01-04,3.62,1630676.24
2022-01-05,3.635,1435671.0
2022-01-06,3.614,1620473.0
2022-01-07,3.592,1206213.69
2022-01-10,3.599,1392848.06
2022-01-11,3.629,1241476.68
2022-01-12,3.646,1223010.95
2022-01-13,3.654,1339971.0
2022-01-14,3.65,989953.93
2022-01-17,3.635,1492437.82
2022-01-18,3.629,1334729.09
2022-01-19,3.625,1629651.65
2022-01-20,3.674,1773274.41
2022-01-21,3.672,1942828.53
2022-01-24,3.662,2177554.31
2022-01-25,3.671,2048523.36
2022-01-26,3.674,1318950.68
2022-01-27,3.606,1652632.62
2022-01-28,3.594,989042.0
2022-02-07,3.62,1166372.0
2022-02-08,3.641,1619888.18
2022-02-09,3.658,1517993.4
2022-02-10,3.665,836700.0
2022-02-11,3.645,1686171.1
2022-02-14,3.705,1856702.81
2022-02-15,3.742,2323026.18
2022-02-16,3.692,2251824.64
2022-02-17,3.726,2851443.87
2022-02-18,3.76,2450700.28
2022-02-21,3.754,2150872.01
2022-02-22,3.801,2414226.01
2022-02-23,3.772,2984168.67
2022-02-24,3.853,3642235.22
2022-02-25,3.807,2343367.0
2022-02-28,3.787,1591466.0
2022-03-01,3.786,2321149.64
2022-03-02,3.837,3207055.82
2022-03-03,3.827,3146084.08
2022-03-04,3.841,2831830.31
2022-03-07,3.926,3418223.64
2022-03-08,4.015,3864796.69
2022-03-09,4.061,3672585.6
2022-03-10,3.931,3140227.0
2022-03-11,3.937,1817798.99
2022-03-14,3.917,1884263.17
2022-03-15,3.832,2566180.24
2022-03-16,3.796,2974816.56
2022-03-17,3.845,2114111.77
2022-03-18,3.851,1165143.55
2022-03-21,3.841,1710042.24
2022-03-22,3.866,2232657.0
2022-03-23,3.835,3748457.95
2022-03-24,3.88,1808559.59
2022-03-25,3.907,2358749.0
2022-03-28,3.872,2377846.01
2022-03-29,3.849,2499569.95
2022-03-30,3.839,1931772.0
2022-03-31,3.833,1760164.91
2022-04-01,3.853,1635855.0
2022-04-06,3.836,1662256.73
2022-04-07,3.843,1680920.15
2022-04-08,3.852,1739329.0
2022-04-11,3.886,1962754.43
2022-04-12,3.908,2198341.79
2022-04-13,3.926,1843444.0
2022-04-14,3.931,1759015.0
2022-04-15,3.944,1510362.7
2022-04-18,3.967,1379617.0
2022-04-19,3.936,1041237.56
2022-04-20,3.886,1731601.14
2022-04-21,3.937,1735644.58
2022-04-22,3.951,2537709.04
2022-04-25,3.924,3711258.2
2022-04-26,3.89,2545650.55
2022-04-27,3.892,3305413.45
2022-04-28,3.89,2802399.57
2022-04-29,3.942,2399953.0
2022-05-05,3.929,1923144.0
2022-05-06,3.922,2100591.7
2022-05-09,3.939,1584908.51
2022-05-10,3.91,1790232.79
2022-05-11,3.89,2015523.55
2022-05-12,3.928,1868900.46
2022-05-13,3.888,1841645.0
2022-05-16,3.851,2003482.59
2022-05-17,3.877,2109311.0
2022-05-18,3.836,1913040.42
2022-05-19,3.85,1583534.26
2022-05-20,3.872,1810470.35
2022-05-23,3.875,1612975.29
2022-05-24,3.882,1556899.85
2022-05-25,3.887,1193097.85
2022-05-26,3.901,1294151.67
2022-05-27,3.917,1747199.3
2022-05-30,3.885,2185205.08
2022-05-31,3.877,1358812.76
2022-06-01,3.852,1189638.72
2022-06-02,3.877,1347818.0
2022-06-06,3.869,1177239.37
2022-06-07,3.854,1505085.15
2022-06-08,3.872,1284561.78
2022-06-09,3.881,1801253.54
2022-06-10,3.865,1888743.57
2022-06-13,3.926,3172749.61
2022-06-14,3.855,2558502.0
2022-06-15,3.834,4300534.5
2022-06-16,3.846,1915173.74
2022-06-17,3.874,1894966.05
2022-06-20,3.858,1839260.34
2022-06-21,3.852,1686998.72
2022-06-22,3.849,1611282.19
2022-06-23,3.854,1359357.58
2022-06-24,3.827,1713975.56
2022-06-27,3.853,1451015.44
2022-06-28,3.832,2382352.79
2022-06-29,3.821,2448460.2
2022-06-30,3.818,1522171.48
2022-07-01,3.784,2643394.88
2022-07-04,3.801,1792167.99
2022-07-05,3.797,1571481.16
2022-07-06,3.725,1797208.45
2022-07-07,3.676,2164598.15
2022-07-08,3.669,2934025.92
2022-07-11,3.669,1242992.0
2022-07-12,3.668,1931396.0
2022-07-13,3.646,2138413.0
2022-07-14,3.647,1642496.0
2022-07-15,3.622,1841457.36
2022-07-18,3.635,1928586.39
2022-07-19,3.627,1602331.13
2022-07-20,3.628,1319006.0
2022-07-21,3.599,2143745.0
2022-07-22,3.65,1331385.4
2022-07-25,3.663,1449638.79
2022-07-26,3.668,1385644.44
2022-07-27,3.659,1369571.0
2022-07-28,3.697,2533158.0
2022-07-29,3.749,1912017.98
2022-08-01,3.743,2033930.0
2022-08-02,3.773,3157223.87
2022-08-03,3.759,2261602.2
2022-08-04,3.76,2102098.8
2022-08-05,3.79,1585386.0
2022-08-08,3.769,1377130.29
2022-08-09,3.786,1077166.91
2022-08-10,3.794,1438636.37
2022-08-11,3.777,1462163.85
2022-08-12,3.795,1045514.89
2022-08-15,3.799,2962054.0
2022-08-16,3.796,2689646.0
2022-08-17,3.779,2509234.0
2022-08-18,3.761,1097438.0
2022-08-19,3.761,1262420.0
2022-08-22,3.753,984786.0
2022-08-23,3.763,917859.23
2022-08-24,3.787,1449768.19
2022-08-25,3.797,1606222.57
2022-08-26,3.798,1767408.0
2022-08-29,3.767,1560369.0
2022-08-30,3.783,1431436.0
2022-08-31,3.758,1423138.0
2022-09-01,3.73,1623157.08
2022-09-02,3.726,1792257.0
2022-09-05,3.765,1880724.0
2022-09-06,3.784,1549420.0
2022-09-07,3.759,2109657.0
2022-09-08,3.79,3136984.0
2022-09-09,3.785,2626403.0
2022-09-13,3.787,2609433.0
2022-09-14,3.76,2792386.22
2022-09-15,3.744,2168867.14
2022-09-16,3.728,2527207.0
2022-09-19,3.741,2132584.55
2022-09-20,3.754,2294001.0
2022-09-21,3.759,2041233.0
2022-09-22,3.753,1989538.0
2022-09-23,3.77,2348529.51
2022-09-26,3.736,2223950.0
2022-09-27,3.746,1670627.0
2022-09-28,3.751,2276189.0
2022-09-29,3.78,2504538.0
2022-09-30,3.783,2178347.0
2022-10-10,3.81,2374539.0
2022-10-11,3.802,2720122.33
2022-10-12,3.812,2023731.0
2022-10-13,3.817,1782662.0
2022-10-14,3.813,2304258.0
2022-10-17,3.792,1839205.0
2022-10-18,3.802,2123175.0
2022-10-19,3.793,2429931.0
2022-10-20,3.775,2927831.0
2022-10-21,3.771,2712649.0
2022-10-24,3.82,2677131.53
2022-10-25,3.827,2819994.0
2022-10-26,3.824,3142259.0
2022-10-27,3.817,4520846.0
2022-10-28,3.82,5349030.75
2022-10-31,3.807,3402004.0
2022-11-01,3.81,3612840.0
2022-11-02,3.817,3976234.02
2022-11-03,3.805,3936139.0
2022-11-04,3.804,3592024.0
2022-11-07,3.832,4499140.0
2022-11-08,3.839,4631576.0
2022-11-09,3.945,4175750.81
2022-11-10,3.925,3912117.0
2022-11-11,3.952,3912963.0
2022-11-14,3.913,3459017.01
2022-11-15,3.933,3160568.0
2022-11-16,3.954,3661837.0
2022-11-17,3.958,3082248.0
2022-11-18,3.952,3333086.0
2022-11-21,3.936,3239313.0
2022-11-22,3.932,3135089.0
2022-11-23,3.932,2802763.0
2022-11-24,3.947,3653396.0
2022-11-25,3.959,3016361.0
2022-11-28,3.962,2479366.03
2022-11-29,3.951,2867953.0
2022-11-30,3.944,3336461.0
2022-12-01,3.956,2810141.0
2022-12-02,3.979,2463748.0
2022-12-05,3.94,2306051.0
2022-12-06,3.898,3102956.05
2022-12-07,3.898,1704250.0
2022-12-08,3.91,2248015.0
2022-12-09,3.924,1522798.25
2022-12-12,3.921,1679307.0
2022-12-13,3.924,1362185.0
2022-12-14,3.963,2682576.34
2022-12-15,3.933,1608510.0
2022-12-16,3.915,1353519.0
2022-12-19,3.942,1367081.0
2022-12-20,3.943,1811344.0
2022-12-21,3.981,1685828.0
2022-12-22,3.981,1485906.0
2022-12-23,3.948,1856560.0
2022-12-26,3.953,2430203.0
2022-12-27,3.963,1736663.0
2022-12-28,3.966,1565250.0
2022-12-29,3.96,1237084.77
2022-12-30,3.986,1357129.38
2023-01-03,3.987,1553974.0
2023-01-04,4.002,1641489.0
2023-01-05,4.001,2032366.0
2023-01-06,3.972,1770235.0
2023-01-09,4.015,2146122.5
2023-01-10,4.013,1618607.0
2023-01-11,4.025,1942679.34
2023-01-12,4.019,2193260.0
2023-01-13,4.027,1360516.0
2023-01-16,4.05,2027292.0
2023-01-17,4.066,1761608.0
2023-01-18,4.056,1631588.59
2023-01-19,4.068,1263505.0
2023-01-20,4.101,1505260.0
2023-01-30,4.096,2395664.0
2023-01-31,4.069,1868891.0
2023-02-01,4.091,1507587.0
2023-02-02,4.125,1671822.68
2023-02-03,4.071,1352888.0
2023-02-06,4.018,1937851.0
2023-02-07,4.01,1563596.0
2023-02-08,4.01,1064615.0
2023-02-09,4.019,1653829.78
2023-02-10,3.993,2045134.0
2023-02-13,4.018,1870268.0
2023-02-14,4.015,1379018.0
2023-02-15,4.002,1638482.0
2023-02-16,4.001,1465163.0
2023-02-17,3.992,1960601.0
2023-02-20,4.01,1615056.87
2023-02-21,4.005,1735104.0
2023-02-22,4.017,1326886.23
2023-02-23,4.008,1373315.73
2023-02-24,4.021,1788165.0
2023-02-27,4.01,1688177.0
2023-02-28,4.015,1296437.97
2023-03-01,4.029,1975700.78
2023-03-02,4.026,2039634.0
2023-03-03,4.044,1733391.0
2023-03-06,4.071,1782536.0
2023-03-07,4.076,2425241.0
2023-03-08,4.033,1818144.1
2023-03-09,4.033,1554996.0
2023-03-10,4.061,2490498.0
2023-03-13,4.089,2759246.98
2023-03-14,4.142,2360360.0
2023-03-15,4.139,2112961.0
2023-03-16,4.174,3211268.0
2023-03-17,4.198,2935018.06
2023-03-20,4.327,3967458.62
2023-03-21,4.286,2540763.0
2023-03-22,4.223,2652720.0
2023-03-23,4.253,3159811.44
2023-03-24,4.275,2800001.8
2023-03-27,4.246,1813975.78
2023-03-28,4.225,2204840.35
2023-03-29,4.24,2556880.04
2023-03-30,4.248,2929775.0
2023-03-31,4.281,2672387.0
2023-04-03,4.221,1666835.0
2023-04-04,4.269,1499789.9
2023-04-06,4.33,1959128.6
2023-04-07,4.328,2179542.15
2023-04-10,4.287,1296928.6
2023-04-11,4.311,1325364.0
2023-04-12,4.341,1617575.6
2023-04-13,4.346,913320.22
2023-04-14,4.366,1428803.0
2023-04-17,4.324,1541803.0
2023-04-18,4.305,933599.98
2023-04-19,4.297,1277889.0
2023-04-20,4.308,1347437.37
2023-04-21,4.288,1383813.81
2023-04-24,4.277,2409575.0
2023-04-25,4.316,1332210.0
2023-04-26,4.323,1594788.34
2023-04-27,4.333,1677551.14
2023-04-28,4.298,1657865.0
2023-05-04,4.395,1695905.59
2023-05-05,4.415,1305668.0
2023-05-08,4.368,1542978.34
2023-05-09,4.377,1401394.0
2023-05-10,4.398,1129638.0
2023-05-11,4.394,1236379.0
2023-05-12,4.365,1580686.56
2023-05-15,4.382,1707570.78
2023-05-16,4.369,1621136.0
2023-05-17,4.353,1461091.0
2023-05-18,4.345,1790484.0
2023-05-19,4.33,1835249.0
2023-05-22,4.347,1441925.0
2023-05-23,4.33,1117741.0
2023-05-24,4.352,1500937.0
2023-05-25,4.335,1254946.0
2023-05-26,4.31,933816.0
2023-05-29,4.314,1316252.0
2023-05-30,4.3,1301528.0
2023-05-31,4.365,2648699.0
2023-06-01,4.362,1130594.0
2023-06-02,4.375,1189437.0
2023-06-05,4.324,1310870.0
2023-06-06,4.357,1416824.52
2023-06-07,4.363,1085582.0
2023-06-08,4.338,1344291.0
2023-06-09,4.375,1167539.0
2023-06-12,4.378,1346918.0
2023-06-13,4.388,944529.94
2023-06-14,4.363,1040453.0
2023-06-15,4.329,1373436.53
2023-06-16,4.359,1354487.0
2023-06-19,4.366,1373054.0
2023-06-20,4.374,1607612.85
2023-06-21,4.356,1336542.0
2023-06-26,4.354,2399501.0
2023-06-27,4.35,2522402.0
2023-06-28,4.335,1668706.0
2023-06-29,4.343,1634575.25
2023-06-30,4.349,1038183.88
2023-07-03,4.358,1146066.0
2023-07-04,4.364,654545.0
2023-07-05,4.367,849741.0
2023-07-06,4.365,774747.0
2023-07-07,4.359,698896.0
2023-07-10,4.37,664090.0
2023-07-11,4.374,847132.0
2023-07-12,4.371,1479949.0
2023-07-13,4.408,2367061.6
2023-07-14,4.388,1001556.7
2023-07-17,4.406,622134.7
2023-07-18,4.422,772205.0
2023-07-19,4.473,1189588.0
2023-07-20,4.47,3057702.0
2023-07-21,4.453,1210775.0
2023-07-24,4.442,676309.78
2023-07-25,4.42,870437.0
2023-07-26,4.439,1172544.0
2023-07-27,4.448,931634.06
2023-07-28,4.404,1870393.0
2023-07-31,4.409,873968.0
2023-08-01,4.426,697485.99
2023-08-02,4.425,593345.97
2023-08-03,4.406,1192692.0
2023-08-04,4.401,1192367.0
2023-08-07,4.41,715514.1
2023-08-08,4.414,611914.0
2023-08-09,4.411,483047.0
2023-08-10,4.396,1099216.02
2023-08-11,4.415,835443.56
2023-08-14,4.421,852505.0
2023-08-15,4.431,1114209.0
2023-08-16,4.433,1153409.0
2023-08-17,4.429,1167134.0
2023-08-18,4.421,1018843.0
2023-08-21,4.438,1052598.0
2023-08-22,4.431,1046872.0
2023-08-23,4.452,1197943.0
2023-08-24,4.464,1850275.0
2023-08-25,4.448,1745032.0
2023-08-28,4.45,1323128.1
2023-08-29,4.462,880214.0
2023-08-30,4.477,2043058.65
2023-08-31,4.494,890051.0
2023-09-01,4.489,1137975.0
2023-09-04,4.506,1176209.46
2023-09-05,4.508,1440946.5
2023-09-06,4.505,1217336.7
2023-09-07,4.504,604055.0
2023-09-08,4.536,1761309.0
2023-09-11,4.545,2385891.0
2023-09-12,4.546,1408487.0
2023-09-13,4.557,1963164.0
2023-09-14,4.592,2476391.0
2023-09-15,4.548,3283248.0
2023-09-18,4.524,3509964.99
2023-09-19,4.559,1825574.83
2023-09-20,4.594,2268622.26
2023-09-21,4.58,1585918.1
2023-09-22,4.561,2036045.68
2023-09-25,4.581,1852341.0
2023-09-26,4.578,1095671.39
2023-09-27,4.511,1888958.43
2023-09-28,4.436,2856375.0
2023-10-09,4.405,1913610.0
2023-10-10,4.348,2343047.0
2023-10-11,4.355,1146066.0
2023-10-12,4.39,1565064.0
2023-10-13,4.405,1447800.02
2023-10-16,4.46,1500286.0
2023-10-17,4.48,1094739.62
2023-10-18,4.523,1381627.45
2023-10-19,4.547,1231199.18
2023-10-20,4.597,1491818.0
2023-10-23,4.572,2186384.26
2023-10-24,4.575,1630766.12
2023-10-25,4.557,1895141.0
2023-10-26,4.59,1355633.74
2023-10-27,4.599,1650797.0
2023-10-30,4.609,1615586.95
2023-10-31,4.62,1259773.03
2023-11-01,4.603,1003797.83
2023-11-02,4.613,858569.0
2023-11-03,4.61,981187.0
2023-11-06,4.587,1895396.72
2023-11-07,4.569,1500225.0
2023-11-08,4.551,1520526.0
2023-11-09,4.521,3325925.0
2023-11-10,4.554,1040607.52
2023-11-13,4.538,1068623.0
2023-11-14,4.558,1301857.0
2023-11-15,4.577,1556913.0
2023-11-16,4.559,1255004.0
2023-11-17,4.572,1997135.67
2023-11-20,4.522,1122687.0
2023-11-21,4.516,758092.0
2023-11-22,4.499,1640670.0
2023-11-23,4.495,871487.0
2023-11-24,4.499,807491.0
2023-11-27,4.546,1510567.76
2023-11-28,4.56,1175389.74
2023-11-29,4.591,1482738.01
2023-11-30,4.589,1376378.0
2023-12-01,4.589,1258480.0
2023-12-04,4.643,2066796.0
2023-12-05,4.58,1488803.0
2023-12-06,4.578,1469918.01
2023-12-07,4.584,1035174.0
2023-12-08,4.591,968719.0
2023-12-11,4.557,1171410.0
2023-12-12,4.539,1487131.0
2023-12-13,4.529,1061914.0
2023-12-14,4.598,1443396.0
2023-12-15,4.59,823934.0
2023-12-18,4.576,1957261.0
2023-12-19,4.589,1233614.0
2023-12-20,4.604,1750011.0
2023-12-21,4.605,1606796.9
2023-12-22,4.627,2508378.0
2023-12-25,4.634,2250882.0
2023-12-26,4.647,1549550.14
2023-12-27,4.66,1802493.0
2023-12-28,4.662,2469294.0
2023-12-29,4.648,2703765.01
2024-01-02,4.666,2062784.39
2024-01-03,4.663,1111962.16
2024-01-04,4.651,1149663.0
2024-01-05,4.664,1267497.0
2024-01-08,4.65,1161638.7
2024-01-09,4.649,848128.0
2024-01-10,4.631,1615040.0
2024-01-11,4.631,976424.0
2024-01-12,4.646,1103102.0
2024-01-15,4.673,964553.0
2024-01-16,4.677,832432.0
2024-01-17,4.631,1055515.0
2024-01-18,4.616,1250719.0
2024-01-19,4.643,870581.39
2024-01-22,4.625,906883.0
2024-01-23,4.632,1042699.0
2024-01-24,4.626,673747.0
2024-01-25,4.605,1102489.0
2024-01-26,4.625,756760.0
2024-01-29,4.634,803554.43
2024-01-30,4.647,879719.0
2024-01-31,4.653,1367351.0
2024-02-01,4.668,1195280.0
2024-02-02,4.679,939806.0
2024-02-05,4.643,1448549.0
2024-02-06,4.633,857482.0
2024-02-07,4.642,1182407.61
2024-02-08,4.662,923975.0
2024-02-19,4.644,1302395.0
2024-02-20,4.642,537232.0
2024-02-21,4.642,830906.0
2024-02-22,4.639,1036637.14
2024-02-23,4.63,1007119.02
2024-02-26,4.651,691384.0
2024-02-27,4.646,589874.0
2024-02-28,4.645,638726.0
2024-02-29,4.647,664134.0
2024-03-01,4.667,869293.0
2024-03-04,4.725,1121866.57
2024-03-05,4.789,1520853.0
2024-03-06,4.824,1313545.0
2024-03-07,4.885,1716553.4
2024-03-08,4.881,1050007.01
2024-03-11,4.899,1380299.0
2024-03-12,4.879,1477875.9
2024-03-13,4.87,971193.0
2024-03-14,4.877,1143476.0
2024-03-15,4.899,800613.0
2024-03-18,4.86,970311.0
2024-03-19,4.87,722724.86
2024-03-20,4.88,487890.27
2024-03-21,4.978,1003699.0
2024-03-22,4.946,976804.0
2024-03-25,4.956,1165333.5
2024-03-26,4.966,970527.88
2024-03-27,4.99,1200665.9
2024-03-28,5.029,1276030.0
2024-03-29,5.126,2097015.0
2024-04-01,5.155,1960394.14
2024-04-02,5.159,1521359.33
2024-04-03,5.231,2199877.5
2024-04-08,5.354,4694739.4
2024-04-09,5.369,2340933.59
2024-04-10,5.388,2025717.35
2024-04-11,5.348,2428650.13
2024-04-12,5.504,2747127.6
2024-04-15,5.417,3214254.98
2024-04-16,5.452,3356551.99
2024-04-17,5.461,2381283.5
2024-04-18,5.445,2284805.0
2024-04-19,5.471,4431505.66
2024-04-22,5.364,3196573.0
2024-04-23,5.232,5095873.31
2024-04-24,5.287,3452005.27
2024-04-25,5.288,2832036.0
2024-04-26,5.329,2595143.0
2024-04-29,5.294,2265815.0
2024-04-30,5.286,1920942.86
2024-05-06,5.254,1766624.46
2024-05-07,5.268,1880533.28
2024-05-08,5.261,2357123.0
2024-05-09,5.25,2163457.0
2024-05-10,5.369,3037136.0
2024-05-13,5.337,2809580.12
2024-05-14,5.329,2649568.0
2024-05-15,5.37,2157842.4
2024-05-16,5.417,2585079.0
2024-05-17,5.416,2336817.7
2024-05-20,5.55,4070429.9
2024-05-21,5.481,3495102.0
2024-05-22,5.492,1887946.0
2024-05-23,5.366,3144943.9
2024-05-24,5.319,2277705.52
2024-05-27,5.338,2179564.29
2024-05-28,5.334,2159096.0
2024-05-29,5.37,2432938.7
2024-05-30,5.317,2361366.02
2024-05-31,5.343,1597626.0
2024-06-03,5.296,2198757.0
2024-06-04,5.346,2009475.28
2024-06-05,5.324,2036654.0
2024-06-06,5.398,2347282.7
2024-06-07,5.399,2569719.0
2024-06-11,5.237,3264085.46
2024-06-12,5.267,1724985.0
2024-06-13,5.269,1802420.0
2024-06-14,5.271,1889985.0
2024-06-17,5.279,1690694.47
2024-06-18,5.284,1711599.51
2024-06-19,5.305,1973012.0
2024-06-20,5.351,2822644.0
2024-06-21,5.376,2994478.0
2024-06-24,5.29,4959867.0
2024-06-25,5.302,2849134.0
2024-06-26,5.271,3337006.0
2024-06-27,5.242,2674882.0
2024-06-28,5.297,2758656.0
2024-07-01,5.299,1512313.0
2024-07-02,5.306,1563664.0
2024-07-03,5.34,2049719.0
2024-07-04,5.365,1988890.0
2024-07-05,5.381,2410574.0
2024-07-08,5.384,2655439.45
2024-07-09,5.362,2528560.0
2024-07-10,5.397,1794956.0
2024-07-11,5.417,2562810.0
2024-07-12,5.446,2196048.0
2024-07-15,5.442,2132755.0
2024-07-16,5.505,2370895.0
2024-07-17,5.576,3687440.95
2024-07-18,5.573,2554424.0
2024-07-19,5.425,3314023.0
2024-07-22,5.421,2586753.0
2024-07-23,5.394,2374834.0
2024-07-24,5.465,2455964.91
2024-07-25,5.327,3793147.35
2024-07-26,5.35,2451770.0
2024-07-29,5.387,1816319.0
2024-07-30,5.394,1624334.0
2024-07-31,5.436,2463792.0
2024-08-01,5.48,1997921.82
2024-08-02,5.505,3355711.9
2024-08-05,5.366,4896321.0
2024-08-06,5.327,2934869.0
2024-08-07,5.352,1952998.0
2024-08-08,5.349,1431536.0
2024-08-09,5.396,1807811.54
2024-08-12,5.437,1313928.97
2024-08-13,5.474,2110708.17
2024-08-14,5.456,3015716.0
2024-08-15,5.443,2847127.9
2024-08-16,5.453,2643497.0
2024-08-19,5.513,2691170.0
2024-08-20,5.513,2924114.0
2024-08-21,5.537,2518755.0
2024-08-22,5.523,1917315.0
2024-08-23,5.504,1350030.3
2024-08-26,5.538,1438301.0
2024-08-27,5.534,1494040.0
2024-08-28,5.528,1521641.0
2024-08-29,5.535,1726464.0
2024-08-30,5.522,2139259.0
2024-09-02,5.491,1696702.52
2024-09-03,5.501,1367565.24
2024-09-04,5.463,1308661.72
2024-09-05,5.502,1302137.92
2024-09-06,5.517,1512679.84
2024-09-09,5.477,1672809.0
2024-09-10,5.513,1037638.22
2024-09-11,5.542,1293446.22
2024-09-12,5.531,1428733.0
2024-09-13,5.611,2184940.0
2024-09-18,5.609,2925414.0
2024-09-19,5.6,2540863.0
2024-09-20,5.663,1713524.0
2024-09-23,5.711,2380927.54
2024-09-24,5.697,3231087.0
2024-09-25,5.74,2806563.66
2024-09-26,5.751,3061378.0
2024-09-27,5.708,1662631.0
2024-09-30,5.707,3992244.2
2024-10-08,5.714,4465459.69
2024-10-09,5.64,3691504.02
2024-10-10,5.676,1902586.1
2024-10-11,5.739,2579208.7
2024-10-14,5.799,3164053.0
2024-10-15,5.799,2712116.0
2024-10-16,5.884,4401831.55
2024-10-17,5.905,3566037.0
2024-10-18,5.945,5704443.0
2024-10-21,6.02,3822244.0
2024-10-22,6.018,2670721.0
2024-10-23,6.056,3546700.0
2024-10-24,5.995,3509821.0
2024-10-25,5.998,2800089.0
2024-10-28,6.017,2905284.0
2024-10-29,6.068,3164390.0
2024-10-30,6.14,3881150.0
2024-10-31,6.103,3637244.51
2024-11-01,6.051,3157902.0
2024-11-04,6.006,3206471.68
2024-11-05,6.006,3465225.0
2024-11-06,5.994,5310282.05
2024-11-07,5.86,4971911.0
2024-11-08,5.898,5441983.5
2024-11-11,5.905,2938954.78
2024-11-12,5.807,3613932.0
2024-11-13,5.796,2945700.0
2024-11-14,5.68,4360110.0
2024-11-15,5.683,4101363.0
2024-11-18,5.758,3807962.0
2024-11-19,5.858,4128956.0
2024-11-20,5.857,3933263.1
2024-11-21,5.933,3471025.0
2024-11-22,6.01,4794501.1
2024-11-25,5.916,7735648.1
2024-11-26,5.844,3675693.0
2024-11-27,5.899,3544560.0
2024-11-28,5.869,3513384.98
2024-11-29,5.923,3726693.95
2024-12-02,5.872,3002256.0
2024-12-03,5.931,2904022.0
2024-12-04,5.929,2169824.0
2024-12-05,5.927,2238436.0
2024-12-06,5.903,2917620.0
2024-12-09,5.936,2406329.0
2024-12-10,5.961,3022870.0
2024-12-11,6.011,3684896.0
2024-12-12,6.052,2850292.0
2024-12-13,6.001,2686424.0
2024-12-16,5.947,2513897.0
2024-12-17,5.94,2538572.0
2024-12-18,5.932,1835435.92
2024-12-19,5.885,3622339.0
2024-12-20,5.892,2433829.15
2024-12-23,5.951,2797678.0
2024-12-24,5.921,2279641.08
2024-12-25,5.936,1445139.01
2024-12-26,5.94,1837517.0
2024-12-27,5.945,1765068.0
2024-12-30,5.923,1660249.0
2024-12-31,5.928,1648335.0
2025-01-02,5.977,2330728.93
2025-01-03,6.029,2759129.0
2025-01-06,5.99,2980850.0
2025-01-07,6.0,2177728.98
2025-01-08,6.03,1604732.61
2025-01-09,6.065,1566053.6
2025-01-10,6.105,2414846.9
2025-01-13,6.12,3530893.0
2025-01-14,6.068,2869200.0
2025-01-15,6.102,2386864.0
2025-01-16,6.122,2413133.0
2025-01-17,6.139,2479820.0
2025-01-20,6.127,1982195.0
2025-01-21,6.127,1954421.0
2025-01-22,6.181,2967705.27
2025-01-23,6.187,1923679.43
2025-01-24,6.218,2274922.0
2025-01-27,6.202,2288186.94
2025-02-05,6.439,3670161.08
2025-02-06,6.402,3053181.0
2025-02-07,6.42,2021942.0
2025-02-10,6.518,3156431.9
2025-02-11,6.584,6889828.0
2025-02-12,6.538,3426371.0
2025-02-13,6.57,2840252.29
2025-02-14,6.605,2466761.02
2025-02-17,6.494,3969726.81
2025-02-18,6.555,2928301.3
2025-02-19,6.598,3156105.0
2025-02-20,6.619,2082200.0
2025-02-21,6.568,4119838.97
2025-02-24,6.581,2466793.0
2025-02-25,6.582,2647299.2
2025-02-26,6.519,2949586.37
2025-02-27,6.492,3039010.35
2025-02-28,6.444,2808644.0
2025-03-03,6.451,2587499.48
2025-03-04,6.499,2657438.0
2025-03-05,6.547,2218840.99
2025-03-06,6.535,1876229.76
2025-03-07,6.526,2122386.83
2025-03-10,6.544,1681356.03
2025-03-11,6.505,2170708.0
2025-03-12,6.526,1335725.0
2025-03-13,6.575,1806217.5
2025-03-14,6.673,3370643.0
2025-03-17,6.677,2612271.0
2025-03-18,6.727,2476183.0
2025-03-19,6.8,3326467.0
2025-03-20,6.807,2885805.77
2025-03-21,6.774,2599055.79
2025-03-24,6.78,1528904.22
2025-03-25,6.774,1881733.0
2025-03-26,6.795,1928881.0
2025-03-27,6.812,2245290.07
2025-03-28,6.938,4236334.99
2025-03-31,7.012,6746863.54
2025-04-01,7.056,7182597.25
2025-04-02,7.029,4185809.16
2025-04-03,7.094,7260740.5
2025-04-07,6.877,12757844.86
2025-04-08,6.925,6236427.63
2025-04-09,7.012,7833599.7
2025-04-10,7.164,9312016.15
2025-04-11,7.273,9690465.16
2025-04-14,7.327,7882788.77
2025-04-15,7.325,4205902.42
2025-04-16,7.503,7498509.88
2025-04-17,7.565,10076524.86
2025-04-18,7.583,4780541.39
2025-04-21,7.724,7511945.84
2025-04-22,7.982,15195020.89
2025-04-23,7.5,25646888.17
2025-04-24,7.582,13034733.58
2025-04-25,7.53,9985943.0
2025-04-28,7.465,8073009.57
2025-04-29,7.517,6304712.89
2025-04-30,7.471,4372927.6
2025-05-06,7.612,9845270.34
2025-05-07,7.671,7518649.33
2025-05-08,7.557,11128510.87
2025-05-09,7.531,8873009.29
2025-05-12,7.376,6681992.36
2025-05-13,7.332,9052166.14
2025-05-14,7.277,5481793.0
2025-05-15,7.062,12901239.46
2025-05-16,7.177,8552747.88
2025-05-19,7.222,6332771.0
2025-05-20,7.209,4608627.7
2025-05-21,7.439,7543865.45
2025-05-22,7.45,7270548.0
2025-05-23,7.454,6059359.0
2025-05-26,7.425,4423087.0
2025-05-27,7.366,6034573.13
2025-05-28,7.375,3049976.0
2025-05-29,7.3,4232817.0
2025-05-30,7.369,3635737.03
2025-06-03,7.478,6061707.0
2025-06-04,7.474,4161571.5
2025-06-05,7.483,3385336.0
2025-06-06,7.481,3753551.32
2025-06-09,7.4,5058251.0
2025-06-10,7.405,5177958.89
2025-06-11,7.428,3606997.53
2025-06-12,7.497,3894631.3
2025-06-13,7.588,8880624.0
2025-06-16,7.563,6637311.79
2025-06-17,7.499,5031521.68
2025-06-18,7.503,3848652.7
2025-06-19,7.465,3668574.0
2025-06-20,7.436,3652503.0
2025-06-23,7.464,3685197.4
2025-06-24,7.372,5816473.12
2025-06-25,7.392,2847107.0
2025-06-26,7.405,2771478.8
2025-06-27,7.326,4558534.0
2025-06-30,7.314,3366574.0
2025-07-01,7.397,3478679.47
2025-07-02,7.394,2916548.0
2025-07-03,7.445,2959903.0
2025-07-04,7.407,2572291.0
2025-07-07,7.355,2817844.0
2025-07-08,7.398,2178995.76
2025-07-09,7.314,4255341.0
2025-07-10,7.371,3020037.73
2025-07-11,7.376,2616554.04
2025-07-14,7.44,2671885.47
2025-07-15,7.436,2689311.1
2025-07-16,7.402,2390713.5
2025-07-17,7.397,2083169.94
2025-07-18,7.403,1840284.87
2025-07-21,7.446,3004574.29
2025-07-22,7.474,3620034.25
2025-07-23,7.548,3141071.64
2025-07-24,7.424,4405109.42
2025-07-25,7.409,2547626.63
2025-07-28,7.388,2841433.28
2025-07-29,7.363,2631616.41
2025-07-30,7.377,2817736.28
2025-07-31,7.35,3041657.11
2025-08-01,7.352,1923995.99
2025-08-04,7.446,4261135.92
2025-08-05,7.455,3224587.15
2025-08-06,7.468,2661819.51
2025-08-07,7.484,3136422.01
2025-08-08,7.508,3380603.49
2025-08-11,7.429,3596888.1
2025-08-12,7.399,2814916.69
2025-08-13,7.415,2306006.12
2025-08-14,7.424,2287805.44
2025-08-15,7.401,2080440.0
2025-08-18,7.413,2281711.06
2025-08-19,7.391,1826992.99
2025-08-20,7.374,2049639.0
2025-08-21,7.394,2232927.31
2025-08-22,7.378,1949286.78
2025-08-25,7.427,2885724.34
2025-08-26,7.449,2935326.0
2025-08-27,7.45,2359129.01
2025-08-28,7.468,2231072.84
2025-08-29,7.486,2177646.86
2025-09-01,7.647,8445147.84
2025-09-02,7.67,6506048.08
2025-09-03,7.768,5354583.9
2025-09-04,7.75,5618614.13
2025-09-05,7.775,3441495.44
2025-09-08,7.847,4139097.59
2025-09-09,7.966,6959081.32
2025-09-10,7.947,3986089.08
2025-09-11,7.923,4109333.74
2025-09-12,7.954,3287668.45
2025-09-15,7.931,2852905.27
2025-09-16,8.032,3394975.84
2025-09-17,7.964,4282963.95
2025-09-18,7.862,5565626.27
2025-09-19,7.898,3237996.19
2025-09-22,8.048,4532519.35
2025-09-23,8.143,5115503.7
2025-09-24,8.19,4399010.8
2025-09-25,8.146,4441117.04
2025-09-26,8.16,3845481.0
2025-09-29,8.259,5329506.67
2025-09-30,8.339,6669568.76
2025-10-09,8.729,8014424.72
2025-10-10,8.602,6414709.35
2025-10-13,8.859,7739480.22
2025-10-14,8.976,16679605.06
2025-10-15,9.187,9193141.19
2025-10-16,9.244,10409158.76
2025-10-17,9.568,15863425.5
2025-10-20,9.268,12056984.99
2025-10-21,9.49,9995217.8
2025-10-22,9.101,14076692.27
2025-10-23,8.994,9320664.67
2025-10-24,8.95,7400820.55
2025-10-27,8.914,6754374.97
2025-10-28,8.597,10854757.13
2025-10-29,8.692,7999573.87
2025-10-30,8.704,10255273.42
2025-10-31,8.794,7719496.36
2025-11-03,8.797,4658113.03
2025-11-04,8.737,5311229.27
2025-11-05,8.706,4760923.29
2025-11-06,8.755,4094435.62
2025-11-07,8.793,4272647.48
2025-11-10,8.936,7585074.94
2025-11-11,9.062,8281065.85
2025-11-12,9.029,6587183.82
2025-11-13,9.175,6514007.98
2025-11-14,9.096,7161875.19
2025-11-17,8.882,8126693.65
2025-11-18,8.777,5836812.81
2025-11-19,8.954,6041360.17
2025-11-20,8.903,6337762.32
2025-11-21,8.828,6842939.9
2025-11-24,8.857,4681449.0
2025-11-25,9.01,6423142.63
2025-11-26,9.011,5090521.24
2025-11-27,9.01,3807152.68
2025-11-28,9.067,3972928.13
2025-12-01,9.161,7318583.99
2025-12-02,9.112,4475178.19
2025-12-03,9.096,4607233.35
2025-12-04,9.064,5584621.41
2025-12-05,9.136,4159658.11
2025-12-08,9.11,4317056.23
2025-12-09,9.046,4772816.32
2025-12-10,9.095,3418584.28
2025-12-11,9.11,4666349.93
2025-12-12,9.227,4766188.09
2025-12-15,9.351,5679028.46
2025-12-16,9.24,5196267.08
2025-12-17,9.31,4520835.92
2025-12-18,9.318,3178056.1
2025-12-19,9.313,3703003.16
2025-12-22,9.511,6918754.23
2025-12-23,9.639,9022814.2
2025-12-24,9.642,7384368.99
2025-12-25,9.566,4311576.19
2025-12-26,9.65,4898253.36
2025-12-29,9.563,7144966.69
2025-12-30,9.363,8615558.22
2025-12-31,9.301,8873154.17
2026-01-05,9.495,6832710.28
2026-01-06,9.577,5313457.38
2026-01-07,9.518,6163985.14
2026-01-08,9.511,4838349.91
2026-01-09,9.592,3791903.9
2026-01-12,9.777,4935017.0
2026-01-13,9.793,3982367.25
2026-01-14,9.922,4369521.17
2026-01-15,9.867,5542922.06
2026-01-16,9.857,3278431.49
2026-01-19,10.006,4806211.54
2026-01-20,10.082,5338067.06
2026-01-21,10.377,9845096.22
2026-01-22,10.341,7196858.37
2026-01-23,10.617,7298894.96
2026-01-26,10.924,9604744.83
2026-01-27,10.934,7711072.5
2026-01-28,11.28,10662010.04
2026-01-29,11.904,14971079.26
2026-01-30,11.009,23016096.92
2026-02-02,9.908,18998204.2
2026-02-03,10.422,21009166.76
2026-02-04,10.867,14242989.36
2026-02-05,10.523,19090454.95
2026-02-06,10.357,18412789.75
2026-02-09,10.719,11612227.45
2026-02-10,10.669,7026000.61
2026-02-11,10.758,6818267.14
2026-02-12,10.72,6004793.5
2026-02-13,10.575,7693922.58
2026-02-24,10.95,7523137.23
2026-02-25,10.959,6074773.46
2026-02-26,10.913,4377669.76
2026-02-27,10.933,4631263.87
2026-03-02,11.417,11300971.71
2026-03-03,11.259,9692849.41
2026-03-04,10.98,9979811.75
2026-03-05,10.964,6536802.0
2026-03-06,10.873,4916711.93
2026-03-09,10.868,8012132.16
2026-03-10,10.956,4379328.78
2026-03-11,10.974,4754957.27
2026-03-12,10.938,3892379.02
2026-03-13,10.802,3885245.33
2026-03-16,10.664,4789246.6
2026-03-17,10.637,3535281.9
2026-03-18,10.606,3544273.28
2026-03-19,10.126,8783621.47
2026-03-20,9.896,11917840.92
2026-03-23,8.941,19747659.11
2026-03-24,9.299,14905164.64
2026-03-25,9.641,11786322.01
2026-03-26,9.45,11076212.74
2026-03-27,9.494,7487072.64
2026-03-30,9.656,10467459.03
2026-03-31,9.699,9818017.1
2026-04-01,10.024,8356708.18
2026-04-02,9.738,13026467.46
2026-04-03,9.828,4242962.0
2026-04-07,9.837,5427847.69
2026-04-08,10.113,9943479.75
2026-04-09,9.908,6552527.44
2026-04-10,9.972,5776953.24
2026-04-13,9.924,4285543.92
2026-04-14,10.011,4221604.66
2026-04-15,10.064,4897697.44
2026-04-16,10.097,3762437.13
2026-04-17,10.029,3577189.01
2026-04-20,10.036,3558334.75
2026-04-21,10.01,3239028.76
2026-04-22,10.004,3642197.94
2026-04-23,9.9,4267851.3
2026-04-24,9.826,3141902.01
2026-04-27,9.897,2554760.37
2026-04-28,9.732,3761043.47
2026-04-29,9.637,5119968.33
2026-04-30,9.678,4046629.69
2026-05-06,9.791,3926977.76
2026-05-07,9.909,4380057.3
2026-05-08,9.88,3403790.15
2026-05-11,9.774,4475876.7
2026-05-12,9.806,4059230.15
2026-05-13,9.804,2983073.55
2026-05-14,9.795,2968823.93
2026-05-15,9.554,6498776.83
2026-05-18,9.513,4769784.63
2026-05-19,9.515,2643764.15
2026-05-20,9.367,5463214.91
2026-05-21,9.45,3377730.7
2026-05-22,9.461,2715696.63
2026-05-25,9.512,2386059.4
2026-05-26,9.454,2208614.2
2026-05-27,9.345,3246682.08
2026-05-28,9.132,4566207.53
2026-05-29,9.397,3482352.18
2026-06-01,9.344,2586409.02
2026-06-02,9.41,3247780.5
2026-06-03,9.281,3254876.0
2026-06-04,9.29,2821726.74
2026-06-05,9.252,3017553.05
2026-06-08,8.953,4952978.82
2026-06-09,9.005,2870005.33
2026-06-10,8.736,5609092.57
2026-06-11,8.506,6491526.77
2026-06-12,8.659,4367406.87
2026-06-15,8.928,4994174.55
2026-06-16,8.949,2752220.53
2026-06-17,8.957,2634057.74
2026-06-18,8.908,2982682.13
2026-06-22,8.716,4409718.31
2026-06-23,8.537,4256305.33
2026-06-24,8.515,4029970.39
2026-06-25,8.287,5089866.39
2026-06-26,8.39,3848075.48
2026-06-29,8.449,3398349.07
2026-06-30,8.378,4192779.45
